cityName,countryName,latitude,longitude
Boyeros,Cuba,22.9861757,-82.4102628
Virden,Canada,49.8508,-100.93262
Virje,Croatia,46.0473698,16.9785233
Sypniewo,Poland,53.0155306,21.3375451
Cigalontang,Indonesia,-7.3059077,107.9768875
Lelkowo,Poland,54.3484483,20.168727
Stamford,United States,41.05,-73.54
Jijiang,China,24.781681,118.552365
Doom,Indonesia,-6.922586,107.6060501
Korosten’,Ukraine,50.9532135,28.6457544
Lianzhou,China,24.780966,112.377361
Xiaochuan,China,52.54952,13.35118
Magok,Indonesia,-6.2839964,106.7895416
Marseille,France,43.298735,5.3825978
Prince Rupert,Canada,54.311687,-130.3293111
Sidi Slimane,Morocco,34.2622961,-5.9239749
Khotiv,Ukraine,50.3290055,30.4617625
Angers,France,48.8693156,2.3501981
Buchanan,Liberia,5.887247,-10.0303723
Ordzhonikidzevskaya,Russia,43.3213308,45.044839
Pakusari,Indonesia,-8.1677158,113.7751826
Trần Văn Thời,Vietnam,9.1009716,104.8921668
Sidamukti,Indonesia,-6.858925,108.2080973
Drammen,Norway,59.7414102,10.2299413
Karlskoga,Sweden,59.3216049,14.5216278
Nianyushan,China,29.205856,117.11078
Yangzhuang,China,22.9550072,113.0126011
Lameira,Portugal,41.0652035,-8.2418412
Qinggang,China,46.689671,126.11386
Bungur,Indonesia,-6.1718076,106.8488128
Krasnyy Kholm,Russia,58.0580802,37.1162575
Pinhal da Marquesa,Portugal,38.5904096,-8.9994843
Pridonskoy,Russia,51.6521236,39.0891762
Xiaopu,China,26.885704,120.005147
Morales,Colombia,8.27533,-73.868176
Singaparna,Indonesia,-7.3571693,108.1132212
Changtan,China,24.64995,116.156645
Xinlong,China,30.939169,100.311368
Wucheng,China,29.086221,119.571633
Poljčane,Slovenia,46.3141609,15.5784672
Erie,United States,42.0722039,-80.0964415
Huxingshan,China,27.542493,110.702501
Soure,Brazil,-0.5083679,-48.6388879
Yaroslavskiy,Russia,55.8817076,37.720392
Guaratinguetá,Brazil,-22.8140057,-45.1904004
Gondar,Ethiopia,12.6030181,37.4521319
Eaubonne,France,48.9897895,2.2868727
Umm Sa‘īd,Qatar,24.9909255,51.5493483
Chengxiang,China,25.419319,118.993885
Tipolo,Philippines,10.333833,123.9266643
Psygansu,Russia,43.4136328,43.7924407
Norberg,Sweden,60.0702076,15.9334948
Himensulan,Philippines,14.6171091,120.986275
Чегране,Macedonia,41.833253,20.974874
Ambam,Cameroon,2.3815417,11.2665498
Zhuravka,Ukraine,49.7877327,37.1720386
Santa Cruz,Honduras,14.9817467,-87.8893383
Sidamukti,Indonesia,-6.858925,108.2080973
El Vigía,Venezuela,8.6144269,-71.6554692
Dębno,Poland,52.746302,14.7015401
Lizhuang,China,28.805453,104.802326
Lalmanirhat,Bangladesh,25.9923398,89.2847251
Matozinhos,Brazil,-19.5547969,-44.0871994
Bulalacao,Philippines,12.3437798,121.3345788
Babantar,Indonesia,-7.1591357,108.3474974
Madara,Nigeria,11.7775345,10.4494906
Kham Sakae Saeng,Thailand,15.3745452,102.1861447
Rat Burana,Thailand,13.6730341,100.5014909
Busdi,Philippines,8.32726,125.2297211
Darungan,Indonesia,-7.7766561,112.1579249
Bokat,Indonesia,1.0725136,121.499885
Tangchi,China,46.987383,123.769368
Zamboanguita,Philippines,9.0965232,123.1989242
Gaokan,China,40.628952,122.511257
Morawica,Poland,50.0751139,19.7530653
Tsiombe,Madagascar,-25.3168473,45.4863093
Manhete,Portugal,41.5485587,-8.5825398
Banyue,China,28.2586882,108.1171371
Pasirjaya,Indonesia,-6.1788812,107.5209304
Chigasaki,Japan,35.3372599,139.4046734
Chocope,Peru,-7.7911198,-79.2197376
Örbyhus,Sweden,60.1386576,17.6375865
Beidu,China,26.235575,100.874336
Yuelai,China,29.72277,106.53519
Lugouqiao,China,39.8502497,116.2190658
Ujmisht,Albania,41.9238499,20.3755648
Lokatadho,Indonesia,-8.8143,121.2744
Tambarangan,Indonesia,-3.0181855,115.1592718
Avanca,Portugal,40.8024339,-8.5959634
Fankeng,China,27.300683,119.727073
Laborde,Argentina,-31.324922,-64.2942977
Xialaxiu,China,32.663268,96.609741
Toluviejo,Colombia,9.452849,-75.4391349
Kapinango,Indonesia,-6.4127,105.8625
Sitiarjo,Indonesia,-8.403309,112.673499
Lirung,Indonesia,3.9572072,126.6795425
Mętków,Poland,50.051293,19.372452
Bārah,Sudan,13.6986477,30.3723741
Alupay,Philippines,14.6110296,120.9962387
Shuiquan,China,35.640089,103.766427
Cidadap,Indonesia,-6.8639965,107.6067354
Horní Lideč,Czech Republic,49.181214,18.0610035
Stari Banovci,Serbia,44.9878037,20.2567012
Florencia,Colombia,1.683061,-77.072933
Kamieniec Ząbkowicki,Poland,50.5251922,16.8791589
Nangka,Philippines,14.6701,121.108226
Loma,Sierra Leone,9.1666667,-11.1166667
Hövsan,Azerbaijan,40.3802589,50.0918078
Dole,France,46.8525293,5.3618974
Fuquan,China,26.686335,107.520386
Krajan Kidul Rojopolo,Indonesia,-8.1356,113.3257
Gubskaya,Russia,44.3204868,40.6203439
Saint-Grégoire,France,48.1504081,-1.6807958
Strasbourg,France,48.5966574,7.7744139
Ilām,Nepal,26.9111769,87.9236747
Kenzhe,Russia,43.4997666,43.5537167
Yuetang,China,27.872028,112.969479
Nueve de Julio,Argentina,-32.947692,-60.6743215
Taiping,China,53.3004898,-6.2634596
Benniu,China,31.912048,119.783935
Lāchi,Pakistan,31.5555726,74.3925525
Mbale,Kenya,1.0784436,34.1810057
Qinggou,China,36.067108,120.382609
Portland,United States,45.5155832,-122.6788535
Tarui,Japan,34.3726258,135.2621426
Bayanaūyl,Kazakhstan,51.1656869,71.4439333
Drayton Valley,Canada,53.2214074,-114.9766785
Huidong,China,22.985014,114.719988
Honglan,China,31.60858,118.983733
Ad Darbāsīyah,Syria,37.0721008,40.6524512
Huangzhuang,China,39.975999,116.317558
Pengfang,China,45.597839,126.637515
Jinhe,China,26.695419,101.841707
Cajacay,Peru,-10.1555651,-77.4397297
Fukuyama,Japan,38.988364,139.9488853
Cililitan,Indonesia,-6.2632684,106.8635643
Selouane,Morocco,35.0801925,-2.9475662
Longford,Ireland,53.7283566,-7.8004329
Sandvika,Norway,59.021857,10.083357
Tubel,Indonesia,-8.4422524,124.1253751
5 de Mayo,Mexico,19.2874648,-99.6494479
Raglan,New Zealand,-37.8268291,174.7994271
Navoiy,Uzbekistan,40.103922,65.3688335
Oster,Ukraine,50.9486162,30.8786768
Nāḩiyat Hīrān,Iraq,36.27815,44.49332
Hongsi,China,38.604702,100.825981
Ipoh,Malaysia,4.6096768,101.1064003
Thị Trấn Yên Thịnh,Vietnam,18.178456,105.7028457
Wangzuo,China,23.12911,113.264385
Cipancur,Indonesia,-6.9623022,108.6383454
Staryye Atagi,Russia,43.1227567,45.7420648
Yiyang,China,28.55386,112.35518
Panganiban,Philippines,13.9062958,124.3040904
Eleftheroúpolis,Greece,40.9156544,24.2547455
Hitachi,Japan,36.6287219,140.6618666
Jerusalem,Israel,31.768319,35.21371
Ollantaytambo,Peru,-13.2583689,-72.2642679
Dachong,China,22.465063,113.300929
Ouangani,Mayotte,-12.8490559,45.1394745
Jaguariaíva,Brazil,-24.2530306,-49.7106625
Yangji,China,42.891255,129.508945
Kourou,French Guiana,5.1677581,-52.6449937
Xilópolis,Greece,40.9292486,23.1765232
Bierawa,Poland,50.282951,18.2785364
Cachachi,Peru,-7.4509461,-78.2696832
Cogtong,Philippines,9.8220686,124.5140325
Zaragoza,Colombia,7.48688,-74.8672519
Itaocara,Brazil,-21.6704167,-42.0792577
Ituberá,Brazil,-13.734009,-39.1478933
Zhongbu,China,34.392963,104.063889
Lyubeshiv,Ukraine,51.7550673,25.498235
Santana de Parnaíba,Brazil,-23.4429961,-46.9226576
Pung-Pang,Philippines,16.0432035,119.9370328
Valkeakoski,Finland,61.3034539,23.9771623
Albergaria,Portugal,40.1694467,-8.4784931
Wanquan,China,40.766965,114.740557
Ibeto,Nigeria,10.4853153,5.1458131
Yangxiang,China,24.348365,105.759939
Doumen,China,22.2092,113.296467
Tangchi,China,46.987383,123.769368
Italó,Argentina,-31.3266229,-64.2603216
Kitob,Uzbekistan,39.1217895,66.8856247
Téra,Niger,14.0031627,0.7556575
Betong,Thailand,5.7799851,101.0372376
Zhengchang,China,34.348841,118.993664
Adare,Ireland,53.4487975,-6.176659
Tripoli,Libya,32.8872094,13.1913383
Mae Wang,Thailand,18.6796993,98.6380598
Likupang,Indonesia,1.672033,125.055298
Araulí,Honduras,13.9740494,-86.5425921
Ibirataia,Brazil,-13.9468358,-39.6724573
Aurelliana,Philippines,10.8847156,121.9757838
Lianyi,China,35.104673,118.356414
Xilaiqiao,China,32.032744,119.91921
Ifanadiana,Madagascar,-21.3032134,47.6381357
Guanyao,China,35.431682,112.283403
Monte Caseros,Argentina,-32.9576242,-68.7400523
Zhuanqukou,China,40.767544,114.886335
Now Zād,Afghanistan,32.4000226,64.4318916
Laranjeiras do Sul,Brazil,-25.4079504,-52.4134746
Dubna,Russia,56.7375175,37.1660882
Ziketan,China,35.588399,99.982552
San Miguel de Cauri,Peru,-10.10712,-76.601273
Mirimire,Venezuela,11.1626327,-68.7259306
Wenquan,China,31.364042,108.520914
Seren,Indonesia,-7.6838962,109.9764822
Kálymnos,Greece,36.9522824,26.9807653
Quebrada Canoa,Panama,8.6800991,-82.855251
Vygonichi,Russia,53.1001509,34.0612529
Cáceres,Colombia,7.579029,-75.349545
Baiyin,China,36.545015,104.138586
Tuchengzi,China,46.748522,82.978928
Ferraz de Vasconcelos,Brazil,-23.5441298,-46.3660676
Liujiagou,China,35.543089,106.550593
Oslo,Norway,59.9026039,10.767309
Arnhem,Netherlands,51.9877935,5.9030863
Bichena,Ethiopia,10.4477737,38.2031762
Maykor,Russia,58.999782,55.8855974
Kaédi,Mauritania,16.1535575,-13.5032081
Bang Bo,Thailand,13.5847649,100.851776
Le Tampon,Reunion,-21.2814327,55.5229203
Panganiban,Philippines,13.9062958,124.3040904
Weepangali,Indonesia,-9.4355285,119.2627176
Xihe,China,34.014215,105.298756
Lefengzhen,China,28.861256,116.783842
Khombole,Senegal,14.7673872,-16.685136
Xiaolong,China,31.221062,121.436555
Hopetown,South Africa,-26.1353484,28.2949405
Besançon,France,47.278918,6.07097
Chiscas,Colombia,6.552741,-72.5003179
Dayong,China,29.103856,110.451191
Mari,Indonesia,-7.7469239,110.3729973
Nova Era,Brazil,-19.7667781,-43.0343237
Brejieira,Portugal,39.764261,-8.7386338
Igbo-Ukwu,Nigeria,6.0122865,7.0175879
Ōi,Japan,35.6046794,139.730028
La Libertad,Honduras,14.7601863,-87.606295
Inírida,Colombia,3.856457,-68.2385339
Rancaerang,Indonesia,-7.4231763,106.719766
Dzüyl,Mongolia,46.7593351,103.5184746
Halle,Germany,51.4787653,12.0365785
Caluquembe,Angola,-13.7866658,14.687936
Calgary,Canada,50.9359639,-113.8998131
Medveditskiy,Russia,50.7842909,44.712888
Gununglajang,Indonesia,-6.9465,113.8331
Daohe,China,22.581293,113.896129
Murindó,Colombia,6.7810505,-76.7798172
Furukawa,Japan,37.3844286,140.3940646
Clermont-Ferrand,France,45.788378,3.1331436
Murça,Portugal,41.1013753,-7.2325243
Shimen,China,29.584292,111.380014
Baruunturuun,Mongolia,49.6285187,94.3896275
Gabao,Philippines,17.2660394,120.4194593
Koga,Japan,32.9320578,130.5063545
Longjing,China,42.76631,129.427066
Challans,France,46.8439197,-1.8718358
Nanyo,Philippines,7.3400337,125.6321356
Aral,Kazakhstan,46.803197,61.6639055
Sop Moei,Thailand,17.9341079,97.9157099
Khao Yoi,Thailand,13.2394415,99.7901781
Vilarinho da Castanheira,Portugal,41.2044165,-7.2153847
Paulba,Philippines,13.1870854,123.4572574
Kukulu,Indonesia,-6.8909727,107.90367
Midleton,Ireland,51.9138694,-8.1722173
Chornukhy,Ukraine,50.274287,32.9356191
Tambac,Philippines,16.0464514,120.3542849
Satovcha,Bulgaria,41.5565343,24.0428542
Velikiye Borki,Ukraine,49.5236512,25.7558517
Jatiraya,Indonesia,-6.3193858,106.7861804
Fengting,China,25.22796,106.78953
Sugihmukti,Indonesia,-7.2026011,107.4558555
Tuanlin,China,27.939395,104.622995
Daba,China,32.165,108.8822222
Rybnik,Poland,50.085781,18.5296459
Hilversum,Netherlands,52.2239735,5.1704277
Moriyama,Japan,35.1973352,136.9552596
Paokmotong Utara,Indonesia,-8.6282191,116.4636472
Stockholm,Sweden,59.343546,18.029487
Santa Maria,Mexico,25.5822549,-100.9086492
Tigpalay,Philippines,7.4854917,122.3399664
Wieniawa,Poland,51.3613799,20.7949705
Kafarati,Nigeria,10.3840217,11.0966373
Udon Thani,Thailand,17.4086426,102.7729369
Kolobolon,Indonesia,-10.7903678,123.1407761
20 de Noviembre,Mexico,19.4449916,-99.1082647
El Cubolero,Honduras,13.4840159,-87.6950899
Pewel Wielka,Poland,49.6574026,19.4151148
Hefu,China,31.820591,117.227219
Geshan,China,27.885191,119.359142
Mehrābpur,Pakistan,27.100102,68.3711064
Sar-e Pul,Afghanistan,35.6707473,66.0463534
Balayan,Philippines,13.9686682,120.7285858
Reforma,Mexico,17.8579334,-93.1548091
Qixia,China,32.096344,118.909159
Rzozów,Poland,49.9514305,19.7973419
Pangkungparuk,Indonesia,-8.2735418,114.8864193
Fuzhuang,China,19.535141,110.0608725
Stockholm,Sweden,59.3326658,18.056792
Colegiales,Argentina,-34.7319466,-58.6368645
Kunsan,South Korea,35.9676772,126.7366293
Kamālia,Pakistan,30.7361622,72.6661867
Penedo,Brazil,-10.2735517,-36.5536172
Kranggan,Indonesia,-7.3,109.066667
Santa Ana,Philippines,18.41253,122.133225
Rosario,Argentina,-34.5023286,-58.6661711
Neglasari,Indonesia,-6.147133,106.6232359
Saltpond,Ghana,5.2023106,-1.0514312
Dadu,Pakistan,26.732065,67.786348
Mamonovo,Russia,54.4658152,19.9348453
Thoen,Thailand,17.6143085,99.195529
Cairo,Egypt,30.0444196,31.2357116
Jami,Indonesia,-6.4045182,106.8341509
Santa Fe,Philippines,11.1856085,124.9202302
Milicz,Poland,51.5275957,17.2712122
Yatunpu,China,22.915094,112.044491
Aguas Corrientes,Uruguay,-34.5244257,-56.3908165
Haodi,China,31.0507836,121.7458676
Sundbyberg,Sweden,59.3606836,17.9701456
Kumba,Cameroon,4.6333268,9.4450439
Perpignan,France,42.6962642,2.8797149
Murowana Goślina,Poland,52.55694,17.0351289
Lokokrangan,Indonesia,-8.255,116.2591
Maliiha,Indonesia,-9.5541709,119.0285355
Gudermes,Russia,43.4321902,46.0788428
Zaslawye,Belarus,54.0006143,27.276841
Castillos,Uruguay,-34.1979128,-53.8617544
Kitaibaraki,Japan,36.7818033,140.7299857
Al Bayḑā’,Libya,32.756417,21.7376178
Malanje,Angola,-9.8251183,16.912251
Jincheng,China,35.490701,112.851831
Beiling,China,39.877206,115.881215
Estique,Peru,-17.543301,-70.017471
Padurung,Indonesia,-6.5871,106.3903
Enschede,Netherlands,52.2051033,6.9450818
Barusuda,Indonesia,-7.3506492,107.8317307
Gaocheng,China,38.021567,114.847075
Jiangzhang,China,29.482105,86.228141
Itaúna,Brazil,-20.0822785,-44.5805309
Belén de Umbría,Colombia,5.2351338,-75.8346203
Taifu,China,41.4642919,-74.3623566
Kalbugan,Philippines,7.0570002,124.7009964
Kaca,Indonesia,-4.1471884,119.9191194
Barreira,Portugal,41.2106113,-8.5404451
Airdrie,Canada,51.2828145,-114.0371938
Mang’it Shahri,Uzbekistan,42.12215,60.06276
Mopipi,Botswana,-21.2001343,24.8656498
Lipov,Czech Republic,48.9059421,17.4598869
Solna,Sweden,59.3771328,18.0104218
Banzhong,China,27.096969,119.632262
Sufang,China,23.0664459,113.1964636
Adani,Nigeria,6.7367367,7.0014657
Xiashihao,China,36.8539304,115.989656
Syracuse,United States,42.9979838,-76.1377935
Runka,Nigeria,12.4525749,7.3071075
Pojok,Indonesia,-7.8169756,111.9790773
Songbai,China,22.469575,111.89524
Yūki,Japan,36.3034445,139.8755526
Lututów,Poland,51.3541936,18.4554178
Liyang,China,31.416911,119.48421
Rubik,Albania,41.7683491,19.7859556
Nantes,France,47.2550409,-1.5401497
Nangkapayung,Indonesia,0.4994734,101.4095405
Själevad,Sweden,63.2994414,18.5988916
Taiyanghe,China,31.630613,118.421214
Oujiangcha,China,28.491356,112.615076
Claye-Souilly,France,48.9648089,2.6986517
Strasbourg,France,48.5851876,7.7342943
Itajubá,Brazil,-22.422971,-45.4602511
Qaţanah,Palestinian Territory,31.83366,35.11894
Jinanten,Indonesia,-6.8744345,111.5736596
Santa Elena,Ecuador,-2.2268901,-80.8593845
Al Mushannaf,Syria,32.7407045,36.7738708
Ceranów,Poland,52.6567115,22.2089639
Leonídio,Greece,37.1672767,22.8592838
Kafr ad Dīk,Palestinian Territory,32.0671,35.08287
Coronel Suárez,Argentina,-36.9072882,-60.3090948
Zhaobaoshan,China,29.960349,121.724208
Ujiie,Japan,36.6839265,139.9649414
Tarusa,Russia,54.7275411,37.1811404
Maceo,Colombia,6.551367,-74.787294
Chía,Colombia,4.8615787,-74.0325368
Sedandang,Indonesia,-6.2649072,106.7567589
Šalovci,Slovenia,46.8235919,16.2881649
Krajan Karangsari,Indonesia,-8.2317168,112.5633485
Xinpu,China,27.44587,118.679751
Tissa,Morocco,34.2869441,-4.6605581
Kaniv,Ukraine,49.751033,31.4697
Huddinge,Sweden,59.2234099,17.9436913
Caoxi,China,35.657343,107.730679
Bosanski Šamac,Bosnia and Herzegovina,45.0610659,18.4690346
Perm,Russia,57.9887927,56.1415665
Jinqiao,China,31.266133,121.611248
Kadudampit,Indonesia,-6.8187124,106.947666
Linhares,Brazil,-19.39656,-40.0658731
Wijewo,Poland,51.9075123,16.2061552
Gudang,Indonesia,-7.266667,111.866667
Fraga,Portugal,41.136319,-8.2053479
Xianglong,China,40.417358,117.500558
Krajan,Indonesia,-7.5450262,111.6556388
Iḩsim,Syria,35.7208473,36.5567371
Cerquilho,Brazil,-23.1744477,-47.7440315
San Antonio,Philippines,14.5508865,121.0075554
Haebaru,Japan,26.3358903,127.875104
Limoges,France,45.521519,3.5276642
Melíti,Greece,40.83,21.581667
Pursat,Cambodia,12.4651824,103.8911999
Castanheira,Portugal,41.3119638,-8.151597
Radom,Poland,52.8551656,16.7522057
Hongcheng,China,40.417547,117.504737
Obubra,Nigeria,6.085685,8.3280086
El Progreso,Panama,8.4297819,-82.8317486
Ambulong,Philippines,11.9528558,121.9311073
San Borja,Bolivia,-14.8518869,-66.7486446
Wiset Chaichan,Thailand,16.8164157,100.270206
Skýros,Greece,38.8162965,24.5955356
Piraquara,Brazil,-25.4426635,-49.0628847
Saint-Avertin,France,47.3640936,0.7259705
Manfalūţ,Egypt,27.3115158,30.9713333
Kuala Lumpur,Malaysia,3.1523104,101.7178316
Franca,Brazil,-20.5393288,-47.4013437
Qārah,Syria,34.1540161,36.7442377
Dingqing,China,31.412405,95.595761
Evinayong,Equatorial Guinea,1.4403613,10.5718086
Emporeío,Greece,36.3573462,25.4459308
Anchang,China,28.682892,115.858197
Jinshiqiao,China,40.6238989,122.5200228
Kinel’-Cherkassy,Russia,53.470219,51.5123156
Oleksandriya,Ukraine,48.6632704,33.0967875
La Esperanza,Mexico,19.421145,-99.1283211
Lixin,China,33.144724,116.208635
Glória do Goitá,Brazil,-7.9995755,-35.2947008
Bulag,Mongolia,49.8590398,100.6279364
Kaliningrad,Russia,54.8151488,20.2520662
Luzhou,China,28.871569,105.44174
Khiwa,Uzbekistan,41.3895075,60.3414529
Biris Daja,Indonesia,-7.15376,113.51969
Pinggirsari,Indonesia,-7.0837462,107.6540877
Warungtanjung,Indonesia,3.5053306,98.6783333
Rezovac,Croatia,45.8060242,17.4116835
Shiogama,Japan,38.5261686,141.0953438
Shanmei,China,22.786186,115.375158
Donglu,China,23.0861808,113.4943199
Costa de Rios Frios,Portugal,40.280218,-8.4788248
Trosa,Sweden,58.8946515,17.5331351
Ponte Nova,Brazil,-20.4115862,-42.8982244
Longkou,China,37.646108,120.477813
Parnaíba,Brazil,-2.9055447,-41.7733626
Shuanggang,China,39.042852,117.318781
Gornyy,Russia,55.111901,83.8869856
Jinhu,China,33.025433,119.020584
Radeče,Slovenia,46.0655001,15.1821191
Eskilstuna,Sweden,59.3781172,16.5102565
Plandirejo,Indonesia,-8.2795949,112.0327329
Shuitai,China,23.236168,111.409653
Tromsø,Norway,69.679788,18.9710079
Åmål,Sweden,59.0541421,12.695366
Jiujie,China,29.574103,106.537605
Matnah,Yemen,15.2525945,44.0270562
Qianqiao,China,30.972043,117.23282
Duraznopampa,Peru,-6.5581455,-77.815285
Yanjiao,China,39.944315,116.809657
Tabūk,Saudi Arabia,28.3835079,36.5661908
Noda,Japan,38.428549,140.3584644
Łubowo,Poland,53.5862715,16.3876584
Gimo,Sweden,60.1734181,18.1771765
Ostrožac,Bosnia and Herzegovina,44.9114638,15.9259321
Xibin,China,24.804061,118.609289
Guwoterus,Indonesia,-6.9460598,111.8151245
Knjazevac,Serbia,43.5660829,22.2466754
Bol’shoye Skuratovo,Russia,53.43852,36.84085
Santa Cristina Couto,Portugal,41.3258441,-8.4786662
Babakan,Indonesia,-6.588201,106.804564
Balrothery,Ireland,53.5879156,-6.1884248
Melaka,Malaysia,2.2166992,102.2039671
Agía Varvára,Greece,37.9904219,23.6583002
Chunoyar,Russia,57.4492483,97.3580243
Huangnihe,China,43.908712,127.303425
Leticia,Colombia,-4.203165,-69.935907
North Saanich,Canada,48.6197483,-123.4169098
Wutumeiren,China,36.909074,93.163273
Ouani,Comoros,-12.1349328,44.4252603
Luso,Portugal,40.3853464,-8.380125
Xing’an,China,25.611704,110.67167
Poręba Spytkowska,Poland,49.902219,20.636949
Danan,China,41.7815196,123.4582948
Kaltungo,Nigeria,9.8422682,11.3885001
Wakduwa’ Barat,Indonesia,-6.9394,113.5273
Nanyang,China,32.990664,112.528308
Petersfield,Jamaica,18.2712491,-78.0682254
Niort,France,46.3194856,-0.4546217
Jieduo,China,32.596752,95.308054
Mongar,Bhutan,27.2753739,91.2397775
Gunungpeundeuy,Indonesia,-7.5691667,107.9047222
Dongbang,China,31.647135,120.93382
Buturlinovka,Russia,50.8963676,40.5554489
Himeville,South Africa,-29.7108776,29.5078015
Sankanan,Philippines,8.3141383,124.8551784
Horní Bříza,Czech Republic,49.8401299,13.3555893
La Loma,Panama,9.315382,-82.157199
Carmen,Philippines,7.20312,124.796217
Nggelok,Indonesia,-8.6489,120.7616
Laxey,Isle of Man,54.2195351,-4.4012575
Hebian,China,26.87365,115.102495
Cruces de Anorí,Colombia,7.18334,-75.06668
Harbour Breton,Canada,47.48325,-55.79833
Znamenskoye,Russia,43.6753017,45.1243099
Xiabuji,China,26.885704,120.005147
L’vovskiy,Russia,46.4078031,47.9992194
Nglego,Indonesia,-7.261568,112.749865
28 de Noviembre,Argentina,-47.7375833,-65.896638
Nanchoc,Peru,-6.9592677,-79.2420766
Hongshan,China,22.517585,113.39277
Skärholmen,Sweden,59.272573,17.917045
Asan,South Korea,36.789796,127.0018494
Pytalovo,Russia,57.063557,27.9195
Khawr Maksar,Yemen,12.8025919,45.0398942
Wolonio,Indonesia,-8.7833,121.219
Lahishyn,Belarus,52.3359637,25.9862701
Dungang,China,40.142128,94.661966
Juḩr ad Dīk,Palestinian Territory,31.45571,34.43719
Xiabao,China,37.452432,117.523761
Kuala Terengganu,Malaysia,5.329576,103.1369108
Yayao,China,30.037192,121.154634
Barisan,Indonesia,-6.8448925,108.7883125
Ampasimanolotra,Madagascar,-18.8200534,49.0652963
Muara Siberut,Indonesia,-1.6258482,99.1788304
Bistrica pri Tržiču,Slovenia,46.3583447,14.2930813
Haukivuori,Finland,62.0249648,27.2057857
Hanzhong,China,33.06748,107.023323
Lugo,Philippines,10.8117907,123.9251851
Hayil,Saudi Arabia,27.7076143,41.9196471
Kavieng,Papua New Guinea,-2.5781167,150.8086082
Évreux,France,49.0321605,1.2408185
El Dividive,Venezuela,9.4745801,-70.7346811
Fort Abbās,Pakistan,29.2083348,72.8578648
Cikotok,Indonesia,-6.8546074,106.2963486
Pau,France,43.2916776,-0.3696612
Chaoyang,China,41.57365,120.4493879
Dingbao,China,27.5409825,109.9643521
Yong’an,China,25.941937,117.365052
Požarevac,Serbia,44.6208353,21.1842054
Cikijing,Indonesia,-7.0117033,108.3682641
Macapo,Venezuela,9.8247812,-68.4397551
Lue Amnat,Thailand,15.7015084,104.6448531
Soubré,Ivory Coast,5.7866228,-6.5890166
Beijiang,China,23.9563274,113.1916737
Ekou,China,39.134282,113.200971
Yanjiao,China,39.944315,116.809657
Abū Tīj,Egypt,27.0444171,31.3189319
Krzeszów,Poland,50.7338713,16.0708309
Araxá,Brazil,-19.59354,-46.94141
Khiwa,Uzbekistan,41.3895075,60.3414529
Jarocin,Poland,50.562666,22.3233329
Jequié,Brazil,-13.8590592,-40.0837763
Astromil,Portugal,41.1961503,-8.4156809
Wanying,China,33.048227,120.575443
Kilju,North Korea,40.9612198,129.3209986
Wanfa,China,46.228975,125.341286
Sanchang,China,31.893274,121.255306
Täby,Sweden,59.4935321,18.0655876
Primorsko,Bulgaria,42.2431463,27.760764
Pericik,Indonesia,-6.308084,106.797267
Fujieda,Japan,34.8702789,138.2530386
Wangcao,China,28.109577,107.269482
Oranzherei,Russia,45.84756,47.56635
Xinxing,China,22.69569,112.225334
Hongshi,China,29.891868,119.574295
Huyang,China,22.9353419,113.6587617
Corrientes,Argentina,-32.9760359,-60.6499935
Vredenburg,South Africa,-32.9127799,17.9946667
Gornji Milanovac,Serbia,44.0207262,20.4633133
Fushan,China,23.021478,113.121435
Repnoye,Russia,51.1018522,47.3045126
Medeiros Neto,Brazil,-17.3079902,-40.1862129
Wyszków,Poland,52.5928523,21.458395
Balungao,Philippines,15.8983567,120.7162377
Shanghang,China,25.049518,116.420098
Machico,Portugal,32.715164,-16.765857
San Antonio Oeste,Argentina,-38.9156735,-67.9800178
Liliba,Indonesia,-10.170262,123.6427533
Uíge,Angola,-7.6092767,15.0552391
Babakan,Indonesia,-6.588201,106.804564
Makato,Philippines,11.6994751,122.2790551
Niš,Serbia,43.3209022,21.8957589
Novyy Urengoy,Russia,66.1204228,76.6925385
Bobowo,Poland,53.8819853,18.5517476
Inashiki,Japan,37.165779,136.7095801
Deshan,China,28.953619,111.70719
Luoxiong,China,29.820745,90.908217
Palopat,Indonesia,1.4092978,99.2272939
Ponte,Portugal,40.6785202,-8.2792695
Champaign,United States,40.1211828,-88.2434596
Vári,Greece,37.8334351,23.802873
Nenagh,Ireland,52.86326,-8.2001004
Pochep,Russia,52.8595744,33.3645241
Gayam,Indonesia,-5.7577862,105.6984455
Grazhdanka,Russia,60.008624,30.412653
Tawan tawan,Philippines,7.8182993,122.6727616
Yangji,China,42.891255,129.508945
Łęczyce,Poland,54.5941065,17.8604786
Buenos Aires,Mexico,19.4052965,-99.1504583
Podedwórze,Poland,51.6878774,23.1996378
Chemal,Russia,51.400458,86.02293
Béboto,Chad,8.2659713,16.9388118
Léchovo,Greece,40.5843775,21.4901672
Pogranichnyy,Russia,51.7362077,54.9650811
Franca,Brazil,-20.5503886,-47.3951378
Perjuangan,Indonesia,2.7523555,98.5116903
Manabo,Philippines,17.3911787,120.7295465
Cinyasag,Indonesia,-7.0961619,108.3771645
Maganha,Portugal,41.3351832,-8.6022276
Hwasun,South Korea,35.0645029,126.9864799
Semënovskoye,Russia,55.5146696,35.8272389
Dangjiaxian,China,34.949137,104.470279
Zamora,Ecuador,-4.0620941,-78.948623
Jubao,China,23.1216171,113.2694916
Voskop,Albania,40.6098385,20.6898971
La Floresta,Uruguay,-34.7503543,-55.6856213
Kalidawir,Indonesia,-8.1950813,111.9403254
Yangon,Myanmar,16.8660694,96.195132
Enköping,Sweden,59.5721558,17.5208372
Ferapontovo,Russia,59.9519165,38.5788289
Fílla,Greece,38.4415297,23.6824627
Amieira do Tejo,Portugal,39.5093131,-7.8148208
Warungpeuteuy,Indonesia,-7.1480086,107.8995629
Ruda-Huta,Poland,51.2358934,23.5939963
Caramay,Philippines,10.1866432,119.232122
Bertoua,Cameroon,4.5791946,13.6767958
Kanungu,Uganda,-0.8897256,29.7831356
Ryōtsu-minato,Japan,38.0775948,138.439631
Arma,Peru,-12.09985,-77.0197479
Beaune,France,47.3410322,1.1586866
Bentengjawa,Indonesia,-8.5305384,120.5766976
Limboto,Indonesia,0.6877958,122.9775675
Duobaoshan,China,24.8415601,99.0818001
Blangkejeren,Indonesia,3.9967196,97.3416152
Sofrino,Russia,55.7443873,37.6001786
Ringinagung,Indonesia,-7.6645385,111.3158022
Matango,Indonesia,-4.6633041,120.0141251
Boston,United States,42.3604802,-71.0590624
Rozkishne,Ukraine,48.4902808,39.2712224
Daxing,China,39.726929,116.341395
Krasnogvardeyets,Russia,57.9258984,59.970317
Khashuri,Georgia,41.9837685,43.5865947
Hong’an Chengguanzhen,China,31.273176,114.603098
Valença,Brazil,-22.2496709,-43.8290988
Zhonghe,China,39.9666494,116.4041472
Yujing,China,32.5741081,-117.0553896
Kurnāz,Syria,35.3837308,36.4851204
Padang,Indonesia,-0.9470832,100.417181
Naguilian,Philippines,14.7292218,121.051001
Mmathubudukwane,Botswana,-24.6,26.43
Banjar Paangkelod,Indonesia,-8.6791477,115.1786531
Huaping,China,26.629211,101.266195
Vishow,Belarus,53.905048,27.5393261
Tomay Kichwa,Peru,-10.07722,-76.21194
Schäffern,Austria,47.4778423,16.1089064
Kaeng Khoi,Thailand,14.5801157,101.003522
Topeka,United States,39.026091,-95.7226884
Sandyford,Ireland,53.719155,-6.3422325
Marataizes,Brazil,-19.4704956,-42.4548328
Telpaneca,Nicaragua,13.5292779,-86.2856819
Youchou,China,28.957666,109.150848
Mutum,Brazil,-19.9125279,-41.4812771
Baicheng,China,45.619588,122.838826
Stockholm,Sweden,59.3092322,18.0807273
Thị Trấn Quế,Vietnam,20.579097,105.8711861
Porto Feliz,Brazil,-23.2248099,-47.4882762
Castilla,Philippines,14.6087807,121.0334173
Malabago,Philippines,15.9754252,120.3554727
Barra Cheia,Portugal,38.6134405,-9.0019336
Pacajus,Brazil,-4.1731846,-38.460945
Gaozhuang,China,34.810487,117.323725
Masallātah,Libya,32.5836375,14.0362587
Girona,Spain,42.2470995,2.0763253
Purwodadi,Indonesia,-7.0872117,110.9134113
Nizhneivkino,Russia,58.1951391,49.5179263
Mê Linh,Vietnam,21.1753431,105.7308045
Hinunangan,Philippines,10.385548,125.213831
Monjarás,Honduras,13.1981877,-87.3785917
Oguta,Nigeria,5.7055314,6.8083063
Kembangkerang Lauk Timur,Indonesia,-8.5583,116.5378
Viking,Canada,53.10014,-111.76844
Piggs Peak,Swaziland,-25.9685155,31.2483291
Zhongchao,China,40.63181,122.526443
Pierreville,Canada,46.07034,-72.81125
Zharkovskiy,Russia,55.8502008,32.2633061
Wakiso,Uganda,0.3987229,32.4792744
Pital,Colombia,2.266733,-75.803848
Antíparos,Greece,36.9884302,25.0406679
Lukunor,Micronesia,5.5047283,153.8190084
Puchong,Malaysia,3.0015321,101.6184908
Byczyna,Poland,51.11327,18.21114
Boncong,Indonesia,-6.7757862,111.7465609
Singgugu,Indonesia,-7.1398,108.3549
Oebaki,Indonesia,-9.9423239,124.3865392
Maromme,France,49.3061777,-0.5870032
Wattegama,Sri Lanka,7.342773,80.682308
Santa Maria do Souto,Portugal,41.5146956,-8.2971003
Tukhlya,Ukraine,48.9234517,23.4793196
Thị Xã Lai Châu,Vietnam,22.4033272,103.393389
Nyinqug,China,35.201931,100.847521
Złota,Poland,49.8799472,20.6937448
Manzini,Swaziland,-26.5081999,31.3713164
El Monte,Chile,-33.6815281,-70.9853968
Neskaupstaður,Iceland,65.1474586,-13.6711979
Kawengan,Indonesia,-6.944465,111.4782661
Divnomorskoye,Russia,44.5047212,38.1300171
Dongjin,China,32.026097,112.232692
Wangbuzhuang,China,36.962883,115.260968
Petrikov,Ukraine,49.5290136,25.5783873
Vostryakovo,Russia,55.6613674,37.4429397
Suponevo,Russia,53.2077345,34.3210714
São José do Rio Preto,Brazil,-20.811761,-49.3762272
Liuzikou,China,39.876176,117.355421
Montinho,Portugal,41.1241415,-8.2082378
Jiaoxie,China,22.705124,113.316811
Houston,United States,29.8743418,-95.5485295
Aleksandrów,Poland,51.2568887,19.9864728
Karanlukh,Armenia,40.2047139,44.5128424
Pābna,Bangladesh,24.0308651,89.2275131
Yotsukaidō,Japan,35.662808,140.164927
Pilcaniyeu,Argentina,-38.7418721,-62.2206382
Drezdenko,Poland,52.83797,15.83104
Tambak,Philippines,13.9743478,121.6910432
Robonkon,Philippines,8.1679082,124.1582966
Cox’s Bāzār,Bangladesh,21.4394636,92.0077316
Masis,Armenia,40.0634518,44.4410909
Betio Village,Kiribati,1.3566345,172.9299068
La Agustina,Dominican Republic,18.4931208,-69.9293076
Qalqaman,Kazakhstan,51.1480274,71.4256221
Itami,Japan,34.7791206,135.4203895
Makin Village,Kiribati,3.1166667,172.8
La Cesira,Argentina,-33.95115,-62.97238
Lugovoy,Kazakhstan,42.9438711,72.7617572
Prilep,Macedonia,41.3400747,21.5500203
Lidong,China,39.9791423,117.0643296
Palencia,Guatemala,14.6698,-90.357
Huishangang,China,28.285697,112.251062
Hegeng,China,29.129743,105.877112
Guicheng,China,23.03616,113.197169
Morgados,Portugal,38.5642115,-9.0940605
Severnoye,Russia,55.7977131,38.439524
Jesenice,Czech Republic,50.0843138,12.4747444
Choco,Peru,-15.576624,-72.1293262
Nzeto,Angola,-7.2269461,12.8687414
Santa Venera,Malta,35.892944,14.476536
Zwierzyniec,Poland,50.61404,22.97512
Sobang,Indonesia,-6.6111074,105.7703287
Puerto Eldorado,Argentina,-25.6188002,-54.5616444
Pyapon,Myanmar,16.2850333,95.6799816
Bílovec,Czech Republic,49.7563861,18.0158192
Zharkent,Kazakhstan,44.166512,79.999974
Imbituva,Brazil,-25.2641605,-50.6378804
Xinzhai,China,36.809895,116.428916
Caofang,China,40.2538143,122.1250106
Niedercorn,Luxembourg,49.5508306,5.9340983
Sokyryany,Ukraine,48.4495656,27.4110397
Kotawaikabubak,Indonesia,-9.635569,119.413498
Pancan,Peru,-11.748639,-75.4854472
Carazinho,Brazil,-28.2963334,-52.793776
Kadubadak,Indonesia,-6.6551319,105.8466437
Huafeng,China,27.789796,120.67484
Margasari,Indonesia,-7.0976672,109.0215438
Virbalis,Lithuania,54.62667,22.81694
Maszkienice,Poland,49.988725,20.7001411
Xinqiao,China,31.058765,121.315718
Youngstown,United States,41.1071733,-80.5993854
Loei,Thailand,17.4605379,101.7523854
Langpas,Philippines,6,120.9666672
Cinyawang,Indonesia,-7.5746526,108.7690065
Dajt,Albania,41.3934697,19.9165644
Nanyanchuan,China,38.476374,114.24517
Gjinoc,Kosovo,42.3155073,20.816549
Kuncen,Indonesia,-7.6535289,110.6749978
Cumaná,Venezuela,10.431916,-64.183316
Silgueiros,Portugal,40.7143433,-8.0108755
Honolulu,United States,21.3039859,-157.8625674
Sorongan,Indonesia,-6.7513288,105.7527221
Liutao,China,39.5969371,116.0715378
Rutana,Burundi,-3.9257199,29.9899512
Ferbane,Ireland,51.8862378,-8.4824714
Sukadana Selatan,Indonesia,-2.7540915,116.3426552
Asheville,United States,35.5873507,-82.4874499
Cuenca,Peru,-12.0575891,-76.9423651
Aygezard,Armenia,39.9592176,44.600243
Freiburg im Breisgau,Germany,48.0044582,7.8374651
Bent Jbaïl,Lebanon,33.120548,35.4335263
Khu Khan,Thailand,15.1089475,104.329829
Somita,Gambia,13.2063104,-16.3037052
Mikhaylovsk,Russia,56.4428126,59.129251
Tan-Tan,Morocco,28.4380408,-11.0987374
Voloka,Ukraine,48.1944728,25.9320036
Guiwu,China,32.86593,118.516053
Tegalsari,Indonesia,-8.401854,114.118103
Rueil-Malmaison,France,48.8708001,2.166848
Viļāni,Latvia,56.5501038,26.9229659
Juncalito Abajo,Dominican Republic,19.2199,-70.81905
Kostomuksha,Russia,64.5950323,30.6115492
Belverde,Portugal,38.6015735,-9.1396466
Sepīdān,Iran,30.0450571,52.2762322
Mesógi,Cyprus,34.819583,32.4608775
Shiroishi,Japan,37.136977,140.4367415
Kralupy nad Vltavou,Czech Republic,50.2416453,14.310645
Quintães,Portugal,41.5175253,-8.6009313
Pamplona/Iruña,Spain,42.8045028,-1.6432837
Halayhay,Philippines,14.3705235,120.8168869
Siikajoki,Finland,64.8155446,24.7665727
Kaustinen,Finland,63.537266,23.6993197
Pomabamba,Peru,-8.8228089,-77.4569804
Sohbatpur,Pakistan,28.4499078,68.4494842
Nakhon Nayok,Thailand,14.0786882,101.0259275
Igbeti,Nigeria,8.7531549,4.1360234
Kansas City,United States,39.3035567,-94.7195096
Hanjiaji,China,29.117096,110.479191
Sagara,Japan,34.6850948,138.1992472
Sungai Iyu,Indonesia,4.4054033,98.1680005
Zehak,Iran,30.8908344,61.680106
Arboga,Sweden,59.3917649,15.8447572
San Miguel,Mexico,19.3579802,-99.0806088
Panguna,Papua New Guinea,-6.308009,155.477221
Honkajoki,Finland,62.1588835,22.2669813
Tayturka,Russia,52.86917,103.46083
Longjumeau,France,48.6939078,2.3491182
Podosinovets,Russia,60.2737879,47.0693131
Shanghu,China,31.2303904,121.4737021
Sar Chakān,Afghanistan,35.70178,65.23055
Kālābāgh,Pakistan,32.9005808,71.4599651
Pisz,Poland,53.8044834,21.7303948
Dongshi,China,24.660711,118.460176
Esquipulas Palo Gordo,Guatemala,14.9417812,-91.8252028
Niafunké,Mali,16.0271237,-3.9878427
Situbondo,Indonesia,-7.7888522,114.1914951
Tanudan,Philippines,17.2906593,121.1666679
Pärnu-Jaagupi,Estonia,58.610989,24.5034541
Pakalongan,Indonesia,-6.8898362,109.6745916
Cuito,Angola,-15.1632458,19.1612478
Thành Phố Thái Bình,Vietnam,20.4463471,106.3365828
Mae Ramat,Thailand,17.0597577,98.6160674
Hamburg,Germany,53.5830905,9.7537598
Asen,Bulgaria,42.6700312,23.3695036
Tālīn,Syria,35.14849,36.03288
Sangari,Indonesia,-8.5294459,119.0109502
Sikasso,Mali,11.3223834,-5.6983979
Wiślica,Poland,50.3483062,20.6741631
Songculan,Philippines,9.6365101,123.8536209
Shchūchīnsk,Kazakhstan,52.9352213,70.188509
Lincoln,United States,40.8247318,-96.6157192
Gränna,Sweden,58.0250234,14.4700948
Shuanglong,China,29.956858,107.209965
El Quetzal,Guatemala,14.6213127,-90.5500942
Karangbungur,Indonesia,-6.6652456,107.9117062
Kutloanong,South Africa,-26.1597581,27.7767972
Wąsosz,Poland,51.5623852,16.69165
San Cristóbal,Dominican Republic,18.932625,-70.4079274
Kliwon Cibingbin,Indonesia,-7.0583,108.7592
Kagoro,Nigeria,9.614603,8.39358
Újezd,Czech Republic,49.7647258,16.9050077
Jawor,Poland,51.4633686,19.0896399
Tomelilla,Sweden,55.5480165,13.931553
Tambo,Peru,-12.95689,-74.023193
Jiaohu,China,35.319084,114.540858
Pampas,Peru,-12.3992902,-74.8659421
Calilegua,Argentina,-23.7753206,-64.7701885
Concordia,Honduras,14.6322366,-86.6736997
Saint Louis,United States,38.6289203,-90.2051538
Las Palmas,Panama,8.0036924,-81.5596427
Mailag,Philippines,7.9855625,125.1375831
Goubangzi,China,41.375722,121.781518
Kamnica,Slovenia,46.5734584,15.6125252
Riba de Ave,Portugal,41.385858,-8.3854178
Saint-Ouen,France,46.5993244,-1.1457859
Hiji,Japan,26.7255231,128.1765722
Palaihari,Indonesia,-3.7901775,114.7380385
Gómez,Panama,8.5657243,-82.7387601
Yemva,Russia,62.5898079,50.8599404
Havtsal,Mongolia,48.6618569,91.339774
Boguchar,Russia,49.9378835,40.5529044
Oyo,Nigeria,7.8429579,3.9368439
Munkedal,Sweden,58.4592933,11.6761027
Callao,Peru,-12.0508491,-77.1259843
Mojorejo,Indonesia,-7.9017349,112.5632485
Uva,Russia,56.8802017,52.2966875
Dahua,China,23.736457,107.998149
Burrel,Albania,41.6089452,20.006257
Shaxi,China,26.312444,99.850365
Oster,Russia,47.2299246,39.7503269
Taoyuan,China,24.9936281,121.3009798
Rakitovo,Bulgaria,42.0256471,24.1082622
Los Nogales,Mexico,25.8038312,-100.3027856
Colón,Argentina,-34.6661172,-58.5288333
Mainang,Indonesia,-3.4627078,102.5318032
Tsumeb,Namibia,-19.2443226,17.728092
Le Mans,France,47.9956173,0.1924459
Shanhou,China,23.354091,116.681972
Longgang,China,22.720974,114.246899
Yogyakarta,Indonesia,-7.7955798,110.3694896
Chengbei,China,36.650038,101.766228
Pashkovskiy,Russia,45.0169373,39.1009227
Minnedosa,Canada,50.2477455,-99.8375158
Porto de Mós,Portugal,39.6022749,-8.8165669
Shibata,Japan,34.705939,135.4972513
‘Ābūd,Palestinian Territory,32.016539,35.068807
Souto,Portugal,41.5608072,-8.5863716
Franca,Brazil,-20.5503886,-47.3951378
Jaboatão dos Guararapes,Brazil,-8.1693806,-34.9370588
Santi Suk,Thailand,18.7915629,100.7832784
Luan Balu,Indonesia,2.6087182,96.1686077
Giồng Riềng,Vietnam,9.9238222,105.3728845
Tuguan,China,23.146358,113.265008
Setonokalong,Indonesia,-8.0934,111.9629
San Bernardino,Paraguay,-25.3461531,-57.2705691
Stockholm,Sweden,59.7411336,18.3453989
Bègles,France,44.7947734,-0.5339182
Mafang,China,21.912701,111.902604
Krajan,Indonesia,-7.5450262,111.6556388
Helsingborg,Sweden,56.0212332,12.7210712
Tajinan,Indonesia,-8.0503973,112.6794582
Vide,Portugal,20.6518868,-105.2061347
Kedrovyy,Russia,53.8072015,87.372095
Balitai,China,38.94081,117.325744
Bradenton,United States,27.4404047,-82.5828377
Yingtou,China,35.656128,112.117922
Legen,Slovenia,46.5010451,15.1077845
Bisée,Saint Lucia,14.0242809,-60.9758292
Wangzuizi,China,36.222959,107.788257
Yuanping,China,38.731402,112.711058
Coaraci,Brazil,-14.6486494,-39.5898526
Qaram Qōl,Afghanistan,36.533333,69.016667
Konduga,Nigeria,11.6485321,13.4193903
Arenal,Peru,-4.8905153,-81.0368211
Puwa,China,30.849368,85.240127
Poá,Brazil,-23.5198964,-46.3408798
Pruchnik,Poland,49.9061322,22.5155104
Novyy Oskol,Russia,50.7885238,37.8995347
Krajan Curahcotok,Indonesia,-7.7169,114.0643
Támara,Honduras,14.1899344,-87.3314264
Telgawah,Indonesia,-6.8245964,111.4544179
Tirana,Albania,41.3275459,19.8186982
Alto del Espino,Panama,8.8443024,-79.8548823
Atarodangwautu,Indonesia,-8.1836,123.759
Kidatu,Tanzania,-7.703889,36.9565089
Lagnieu,France,45.8367628,5.2900333
Sauga,Estonia,58.4286125,24.498407
Ebetsu,Japan,43.0641899,141.4864943
Strasbourg,France,48.5851876,7.7342943
Guifeng,China,28.314706,117.343545
Runjin,China,47.949239,126.276226
Novyye Kuz’minki,Russia,55.7,37.75
Jianshe,China,31.7711077,119.9742793
San Vicente Pacaya,Guatemala,14.413539,-90.633471
Aomori Shi,Japan,33.5449468,131.4194175
Sukasada,Indonesia,-8.1928129,115.1177654
Lichtenburg,South Africa,-26.3593066,25.9068847
Yilongyong,China,42.629452,120.639361
Aţ Ţawīlah,Yemen,15.4960415,43.739395
Iwaki,Japan,38.4507739,140.3089223
Johor Bahru,Malaysia,1.5604242,103.6384827
Dargaz,Iran,37.4454804,59.1099161
Conchal,Brazil,-22.3664524,-47.1557087
Lebu,Chile,-37.6097143,-73.6483294
Guarabira,Brazil,-6.8739016,-35.4562795
Mejdan - Obilićevo,Bosnia and Herzegovina,44.76324,17.19012
Mekkaw,Nigeria,7.45,2.85
Ignalina,Lithuania,55.3734577,26.2092274
Ledok,Indonesia,-6.8857846,111.2219041
Thị Trấn Quan Hóa,Vietnam,20.3814569,105.1171246
Vidzy,Belarus,55.3948269,26.6327297
Jiawu,China,28.271297,87.128131
São Pedro,Portugal,40.1271927,-8.8576516
Mullagh,Ireland,51.8895954,-8.4977746
Lisków,Poland,51.8326054,18.3984345
Businovo,Russia,55.8824,37.489685
Laveiras,Portugal,38.708348,-9.2716405
Passos,Portugal,41.5654743,-8.408069
Dongchen,China,39.928353,116.416357
Sosnogorsk,Russia,63.593219,53.9068532
Strezhevoy,Russia,60.7353362,77.6065163
Jiesheng,China,22.713664,115.458167
Villeurbanne,France,45.7646846,4.861724
Antipolo,Philippines,14.5697565,121.0247172
Calingcuan,Philippines,15.399652,120.5982723
Jawhar,Somalia,2.7774231,45.5016253
Rokytnice nad Jizerou,Czech Republic,50.728686,15.4452326
Sumberrejo,Indonesia,-7.1234674,111.8479156
Nartkala,Russia,43.555139,43.8674076
Senahú,Guatemala,15.3733776,-89.7790986
Osielec,Poland,49.6805192,19.7822663
Poligny,France,48.0395425,-0.705495
Huanggangshan,China,27.8608333,117.7841666
Beja,Portugal,38.0208091,-7.8554287
Mérignac,France,47.9544744,-2.0532343
Zushi,Japan,34.82828,135.6292708
Nowe Miasto nad Pilicą,Poland,51.62883,20.52487
Verrettes,Haiti,19.0487026,-72.4701945
Kadoma,Japan,34.7385063,135.5737861
Zhangshi,China,37.187796,115.387259
Benisheikh,Nigeria,11.804149,12.5183307
Duru,China,31.269454,95.63196
Viligili,Maldives,0.7573413,73.434227
