Samsung,Samsung S5780 Wave 578,2011.00
Samsung,Samsung Galaxy Tab 4 8.0 LTE,2014.00
Samsung,Samsung Galaxy J5 Prime (2017),0.00
Samsung,Samsung Gravity SMART,2011.00
Samsung,Samsung F275,2008.00
Samsung,Samsung P310,2006.00
Samsung,Samsung A200K Nori F,2010.00
Samsung,Samsung R680 Repp,2011.00
Samsung,Samsung Gravity SMART,2011.00
Samsung,Samsung Metro E2202,2013.00
Samsung,Samsung Q100,2001.00
Samsung,Samsung E215,2009.00
Samsung,Samsung Galaxy J Max,2016.00
Samsung,Samsung E1070,2009.00
Samsung,Samsung E890,2006.00
Samsung,Samsung B2700,2009.00
Samsung,Samsung Galaxy Win Pro G3812,2013.00
Samsung,Samsung Galaxy Grand Max,2015.00
Samsung,Samsung W169 Duos,2010.00
Samsung,Samsung Corby TV F339,2010.00
Samsung,Samsung Galaxy Young S6310,2013.00
Samsung,Samsung Wave Y S5380,2011.00
Samsung,Samsung E840,2007.00
Samsung,Samsung Galaxy Core Advance,2014.00
Samsung,Samsung A437,2007.00
Samsung,Samsung Galaxy Exhibit T599,2013.00
Samsung,Samsung S7330,2008.00
Samsung,Samsung X830,2006.00
Samsung,Samsung C3560,2011.00
Samsung,Samsung T229,2008.00
Samsung,Samsung C180,2007.00
Samsung,Samsung E1050,2011.00
Samsung,Samsung Galaxy Star Trios S5283,2014.00
Samsung,Samsung C5010 Squash,2010.00
Samsung,Samsung N100,2000.00
Samsung,Samsung Galaxy Ace 4 LTE G313,2014.00
Samsung,Samsung U750 Zeal,2010.00
Samsung,Samsung Z330,0.00
Samsung,Samsung SCH-B100,2005.00
Samsung,Samsung E1190,2011.00
Samsung,Samsung X680,2006.00
Samsung,Samsung Galaxy Fame Lite Duos S6792L,2013.00
Samsung,Samsung E1310,2009.00
Samsung,Samsung Impact,2008.00
Samsung,Samsung A897 Mythic,2009.00
Samsung,Samsung Galaxy Avant,2014.00
Samsung,Samsung Galaxy Discover S730M,2012.00
Samsung,Samsung Galaxy Ace 4 LTE G313,2014.00
Samsung,Samsung P930,2006.00
Samsung,Samsung Galaxy Nexus I9250M,2012.00
Samsung,Samsung I110 Illusion,2011.00
Samsung,Samsung T349,2009.00
Samsung,Samsung E860,2005.00
Samsung,Samsung Google Nexus S I9020A,2011.00
Samsung,Samsung Z170,2007.00
Samsung,Samsung T401G,2009.00
Samsung,Samsung M200,2009.00
Samsung,Samsung R710 Suede,2011.00
Samsung,Samsung S200,2003.00
Samsung,Samsung ATIV S Neo,2013.00
Samsung,Samsung F330,2007.00
Samsung,Samsung T249,2010.00
Samsung,Samsung i900 Omnia,2008.00
Samsung,Samsung B100,2008.00
Samsung,Samsung Galaxy Star S5280,2013.00
Samsung,Samsung Mpower Txt M369,2010.00
Samsung,Samsung J750,2008.00
Samsung,Samsung Galaxy Xcover FieldPro,2020.00
Samsung,Samsung X910,0.00
Samsung,Samsung Galaxy Watch Active2,2019.00
Samsung,Samsung Z110,2004.00
Samsung,Samsung X650,2006.00
Samsung,Samsung i505,0.00
Samsung,Samsung E1232B,2011.00
Samsung,Samsung Galaxy S9 Active,0.00
Samsung,Samsung Z710,2006.00
Samsung,Samsung Q105,2001.00
Samsung,Samsung Galaxy Ace Style LTE G357,2014.00
Samsung,Samsung Z230,2006.00
Samsung,Samsung SCH-B100,2005.00
Samsung,Samsung B7722,2010.00
Samsung,Samsung Mpower Muzik 219,2010.00
Samsung,Samsung Galaxy J2,2015.00
Samsung,Samsung M930 Transform Ultra,2011.00
Samsung,Samsung A997 Rugby III,2012.00
Samsung,Samsung C3510 Genoa,2010.00
